Region,Region Type,Year,Net property taxes and payments in lieu of taxes,"Assessable Property Taxes (Net Of School Board Appropriations, corrections, housing deficits)",Grants In Lieu Of Taxes,Services Provided To Other Governments,Sales Of Services,Other Revenue From Own Sources,Unconditional Transfers From Other Governments,Conditional transfers from other governments,Conditional Transfers From Federal Or Provincial Governments Or Agencies,Conditional Transfers From Other Local Governments,Total Revenues,General Government Services,Protective Services,Transportation Services,Environmental Health Services,Public Health Services,Environmental Development Services,Recreation And Cultural Services,Extraordinary Or Special Items,Total Expenses,Operating surplus (deficit) before financing and transfers,TOTAL FINANCING AND TRANSFERS,ANNUAL SURPLUS (DEFICIT)
CBRM,Regional Municipality,2020-21,96029038,,6623957,794749,3383547,2792176,18837989,6085493,,,134546949,15052064,48538099,30468929,16909972,0,1046846,8843298,0,120859208,13687741,-13687741,0
HRM,Regional Municipality,2020-21,673795000,,40760000,0,42877000,32400000,12059000,63394000,,,865285000,113117000,226309000,189079000,44383000,0,30858000,90667000,14542527,708955527,156329473,-156329473,0
Region of Queens,Regional Municipality,2020-21,10003886,,315354,2013951,2714776,392660,2067038,335105,,,17842769,2371716,3566544,2300129,3290121,1501778,973311,1679877,0,15683475,2159294,-2159292,2
West Hants,Regional Municipality,2020-21,18435742,,248610,1134127,248536,736830,974424,123167,,,21901436,3612347,8673198,1904190,3160998,0,728877,1994847,0,20074457,1826979,-1117130,709849
Amherst,Town,2020-21,12773408,,298775,198300,329343,512556,1325118,532842,,,15970342,2464419,5815760,1856245,1361492,0,353269,1447210,0,13298395,2671947,-2671947,0
Annapolis Royal,Town,2020-21,1052511,,56903,0,83259,76302,485684,165969,,,1920628,324696,611157,168452,173326,5539,153787,117406,0,1554363,366265,-366265,0
Antigonish,Town,2020-21,5298910,,1104269,254710,147162,1499336,564920,0,,,8869307,924310,2216081,1148515,1200385,0,695250,546973,0,6731514,2137793,-2137793,0
Berwick,Town,2020-21,3172542,,6231,113686,301373,484912,241829,186994,,,4507567,1071701,904115,770317,557589,0,128865,361010,0,3793597,713970,-713970,0
Bridgewater,Town,2020-21,15978801,,770991,0,627548,431558,617827,1127992,,,19554717,2341969,5908798,2243686,2230696,95600,554335,2085647,0,15460731,4093986,-4093986,0
Clark's Harbour,Town,2020-21,926635,,33069,6793,0,81814,193386,58037,,,1299734,327843,232252,107362,310470,0,21186,148962,0,1148075,151659,-151659,0
Digby,Town,2020-21,3124579,,173329,191949,140311,113440,390043,4514,,,4138165,719324,1362200,546788,591009,0,61793,366284,0,3647398,490767,-490767,0
Kentville,Town,2020-21,8838885,,601299,212167,1494838,1000770,222798,444024,,,12814781,1795935,3414335,2027654,1732791,6500,630420,1298622,0,10906257,1908524,-1908524,0
Lockeport,Town,2020-21,971709,,15612,22937,831,63282,163530,60104,,,1298005,444248,209584,133788,188419,6174,35137,124238,0,1141588,156417,-156417,0
Lunenburg,Town,2020-21,5274184,,240851,0,330005,343700,74097,299131,,,6561968,499958,1356041,833945,1255790,34586,398366,759617,0,5138303,1423665,-1422574,1091
Mahone Bay,Town,2020-21,2242946,,22756,156153,3929,238690,75867,0,,,2740341,609570,657655,262921,309749,36292,165622,83876,0,2125685,614656,-592150,22506
Middleton,Town,2020-21,2616472,,148836,89999,116306,52932,384537,56081,,,3465163,483528,1001644,625818,382991,50000,119820,283027,0,2946828,518335,-346003,172332
Mulgrave,Town,2020-21,1619170,,14432,0,32248,126013,137928,105520,,,2035311,752446,342067,328639,216875,0,0,123143,0,1763170,272141,-212581,59560
New Glasgow,Town,2020-21,14504300,,126600,777800,273300,367800,1140700,1004134,,,18194634,2073900,6785100,2844500,1667600,5000,158400,1871375,0,15405875,2788759,-2788759,0
Oxford,Town,2020-21,1787700,,50035,58543,20041,90683,186306,34127,,,2227435,439897,808159,346267,199809,30095,44638,90964,0,1959829,267606,-60965,206641
Pictou,Town,2020-21,3790482,,325849,28222,173893,426451,586055,30713,,,5361665,894058,1229788,848726,636688,60573,94636,538730,0,4303199,1058466,-1058466,0
Port Hawkesbury,Town,2020-21,4363370,,741355,425590,434302,291350,355683,1060407,,,7672057,1107294,1552015,1067208,600096,0,95689,1653633,-5,6075930,1596127,-1596127,0
Shelburne,Town,2020-21,2586910,,14522,74548,0,308413,392256,51317,,,3427966,702743,954415,365772,495696,25000,122014,125947,0,2791587,636379,-636379,0
Stellarton,Town,2020-21,6097680,,178471,112775,103845,74475,551323,223440,,,7342009,1002444,2289878,1682091,778165,0,195819,718456,0,6666853,675156,-675156,0
Stewiacke,Town,2020-21,1840810,,5404,0,62500,45519,210186,115918,,,2280337,582097,463363,296417,191921,0,31117,232922,0,1797837,482500,-482500,0
Trenton,Town,2020-21,1773085,,5310,56906,217944,89987,1692498,97677,,,3933407,757692,810918,767293,388112,0,91081,625508,0,3440604,492803,-492803,0
Truro,Town,2020-21,21306424,,820464,362235,833413,380828,1459697,1656592,,,26819653,2716035,8609553,4451177,2040481,40251,1017545,3376122,0,22251164,4568489,-4213489,355000
Westville,Town,2020-21,2995960,,8771,2077,19713,135624,704303,171775,,,4038223,715923,1486706,631728,430476,38223,101538,202208,0,3606802,431421,-431421,0
Wolfville,Town,2020-21,8221955,,1008067,0,372166,209137,110559,334946,,,10256830,1722135,2363020,1503925,837252,0,605601,987546,0,8019479,2237351,-2237351,0
Yarmouth,Town,2020-21,11106660,,1034815,845235,730294,1161903,809282,253248,,,15941437,1840465,4987361,1940576,2424430,0,1493156,945873,0,13631861,2309576,-2309576,0
Annapolis,Town,2020-21,13359825,,323376,0,325778,550984,1375766,721867,,,16657596,4171590,3836539,1520210,2873770,0,456114,1231037,1000000,15089261,1568335,-1170890,397445
Antigonish,Rural Municipality,2020-21,9608026,,184495,0,1309875,825178,64553,706327,,,12698454,2876385,3139097,358344,2467195,111600,299309,883918,0,10135848,2562606,-2562606,0
Argyle,Rural Municipality,2020-21,5403243,,151365,127448,69520,218528,188319,216397,,,6374820,1808770,1838241,247518,970103,73893,335282,521520,0,5795327,579493,-579493,0
Barrington,Rural Municipality,2020-21,5509481,,147735,102639,282667,393845,198201,253801,,,6888369,1694568,1742293,470184,1370662,123779,544329,609555,0,6555370,332999,-332999,0
Chester,Rural Municipality,2020-21,13360520,,154038,3150339,902446,1432183,179150,163456,,,19342132,4087186,2707606,1756050,3372525,0,963726,708456,0,13595549,5746583,-4034990,1738454
Clare,Rural Municipality,2020-21,5273914,,149631,305776,88282,515356,251469,636934,,,7221362,1470004,1711534,113126,1498828,688510,260054,872453,0,6614509,606853,-606853,0
Colchester,Rural Municipality,2020-21,25413085,,766354,1568306,2840523,1962812,1038068,1068964,,,34658112,2869821,6389352,1868329,9820728,48688,1422263,2958626,0,25377807,9280305,-4182474,5097831
Cumberland,Rural Municipality,2020-21,18720303,,2422063,44301,0,1139581,1699903,403738,,,24429889,5223124,7499027,1800079,3803819,274816,1988056,1281248,0,21870169,2559720,-1593990,965730
Digby,Rural Municipality,2020-21,5395903,,152416,89714,120900,492132,1060602,288972,,,7600639,1355138,2408189,656992,1235241,0,409028,564745,15,6629348,971291,-971291,0
East Hants,Rural Municipality,2020-21,23063775,,215592,0,1378614,1682369,236345,1096918,,,27673613,6586970,7646627,986097,3999993,0,1049585,2751472,0,23020744,4652869,-4652869,0
Guysborough,Rural Municipality,2020-21,3830902,,275651,5363653,4431457,237367,301705,207844,,,14648579,2987706,2223769,480079,2843087,0,2467044,893305,0,11894990,2753589,-2753589,0
Inverness,Rural Municipality,2020-21,11343389,,425840,306032,128886,276894,444971,771167,,,13697179,3079066,3172463,1305166,3350739,0,1121689,706469,0,12735592,961587,-354450,1170289
Kings,Rural Municipality,2020-21,28663400,,2978100,1429500,319900,1083400,825400,559500,,,35859200,6286900,11091400,5490200,7544900,0,2056200,1100200,0,33569800,2289400,-2289400,0
Lunenburg,Rural Municipality,2020-21,18813400,,203871,66308,63945,1020655,57461,1608589,,,21834229,4493167,4363941,2984276,3034556,0,1376469,2096767,0,18349176,3485053,-3485053,0
Pictou,Rural Municipality,2020-21,15263442,,250185,11756,236362,382231,335577,30031,,,16509584,3205450,6627203,377303,2533202,834614,372968,893066,0,14843806,1665778,-1665778,0
Richmond,Rural Municipality,2020-21,6664222,,141499,0,162395,646889,1846655,120265,,,9581925,3148372,1990361,560289,1803119,0,464106,702118,0,8668365,913560,-913560,0
Shelburne,Rural Municipality,2020-21,4431661,,250800,381530,392316,284196,98121,151762,,,5990386,2227234,1537808,201416,1326885,17633,166704,398546,0,5876226,114160,-114160,0
St. Mary's,Rural Municipality,2020-21,2000608,,161269,0,0,144773,187972,104271,,,2598893,808696,575560,94805,637588,0,94625,231114,0,2442388,156505,-156505,0
Victoria,Rural Municipality,2020-21,6943745,,538378,32650,694065,475174,1557721,14960,,,10256693,2844400,2844203,401975,2252145,0,132252,311772,0,8786747,1469946,-1469946,0
Yarmouth,Rural Municipality,2020-21,8194213,,37118,259552,147032,729650,356685,592768,,,10317018,2025268,2092814,964287,1266554,118130,1327922,712505,0,8507480,1809538,-1794654,14884
CBRM,Regional Municipality,2019-20,93620624,,6518485,447104,6053931,2958081,18719271,205790,,,128523286,13691620,46337430,30264698,16382037,0,1145375,10613107,-122990,118311277,10212009,-10212009,
HRM,Regional Municipality,2019-20,655491000,,38850000,0,71942000,39281000,10692000,8881000,,,825137000,112060000,227684000,190023000,41056000,0,29586000,107211000,0,707620000,117517000,-117517000,
Region of Queens,Regional Municipality,2019-20,9776964,,322718,2057861,2863471,597650,2095700,107317,,,17821681,2182522,3556316,2276257,3459840,1383347,1012406,2137648,0,16008336,1813345,-1372211,
Amherst,Town,2019-20,12177044,,301340,192194,346246,671998,1327543,355143,,,15371508,2287822,5941951,2090741,1396929,0,443604,1716478,0,13877525,1493983,-1493983,
Annapolis Royal,Town,2019-20,1082372,,54390,0,84836,57318,478174,131369,,,1888459,317045,559990,173269,177538,2155,188468,128891,0,1547356,341103,-341103,
Antigonish,Town,2019-20,5306254,,1108743,210543,227585,1834727,233495,0,,,8921347,1109812,2263772,1161370,1155934,0,809084,619316,0,7119288,1802059,-1802059,
Berwick,Town,2019-20,3047194,,6231,174945,399985,710781,239159,130397,,,4708692,1167434,979327,842873,587252,0,145835,597220,0,4319941,388751,-388751,
Bridgewater,Town,2019-20,15682033,,767887,0,534378,519768,613188,582014,,,18699268,2062936,5699374,2283776,2195355,114113,626247,2088261,0,15070062,3629206,-3629206,
Clark's Harbour,Town,2019-20,895915,,31552,2911,0,64705,192711,17016,,,1204810,326449,234163,95774,330693,1660,26976,130082,0,1145797,59013,-59013,
Digby,Town,2019-20,3044677,,331382,195219,144660,133938,388297,10000,,,4248173,715519,1336365,607445,619346,0,129908,362266,0,3770849,477324,-477324,
Kentville,Town,2019-20,8695520,,512905,247888,1526898,1147327,224478,183006,,,12538022,1616759,3382380,2103376,1670696,9500,684383,1293288,0,10760382,1777640,-1777640,
Lockeport,Town,2019-20,944825,,15596,15857,2513,44336,162340,16999,,,1202466,289867,203754,143785,197496,5265,105353,123360,0,1068880,133586,-155468,
Lunenburg,Town,2019-20,4832701,,237200,0,452656,445693,77825,10758,,,6056833,468113,1345235,1001846,1321822,44265,406827,765604,0,5353712,703121,-702760,0
Mahone Bay,Town,2019-20,2107262,,19843,152462,3488,330447,75387,1000,,,2689889,651007,600355,323893,304760,14692,92729,83049,0,2070485,619404,-409278,0
Middleton,Town,2019-20,2461156,,148900,87884,155617,68125,366973,51897,,,3340552,445567,997885,666221,395447,0,140290,388652,0,3034062,306490,-353855,441134
Mulgrave,Town,2019-20,1490218,,14170,0,66409,86182,138676,35611,,,1831266,484288,327866,305760,249536,0,651,184332,0,1552433,278833,-139396,0
New Glasgow,Town,2019-20,14138300,,170300,853900,312600,491900,1150500,500100,,,17617600,1962456,7222452,3096652,1591156,5000,176700,1717722,0,15772138,1845462,-1845462,0
Oxford,Town,2019-20,1750049,,50917,57452,51535,115504,189594,130383,,,2345434,431387,819703,322718,214403,33053,63914,302530,0,2187708,157726,-366548,0
Pictou,Town,2019-20,3604100,,333031,44151,325275,451488,575483,0,,,5333528,789468,1487088,830426,619006,37112,94861,638145,0,4496106,837422,-837422,0
Port Hawkesbury,Town,2019-20,4375551,,726430,373042,811732,294352,335124,326266,,,7242497,1125567,1529030,1098430,684118,0,88966,1840138,0,6366249,876248,-876248,0
Shelburne,Town,2019-20,2599739,,16189,68096,46169,366799,371495,99279,,,3567766,858797,917917,475435,495557,37284,300457,281649,0,3367096,200670,-200670,0
Stellarton,Town,2019-20,6064057,,168909,108404,111769,99069,550659,116142,,,7219009,922696,2162922,1767928,774576,0,203981,782341,0,6614444,604565,-604565,0
Stewiacke,Town,2019-20,1776183,,5394,0,50881,92764,216694,43170,,,2185086,578444,450270,370072,145816,0,35057,219288,0,1798947,386139,-382936,0
Trenton,Town,2019-20,1873440,,2800,103897,253184,146486,1637732,58707,,,4076246,713435,805189,662154,361828,0,145661,722744,0,3411011,665235,-563351,-21882
Truro,Town,2019-20,20526960,,817633,377742,834235,609853,1447383,1205567,,,25819373,2584333,8443180,4382478,2039516,63088,1136346,3945904,0,22594845,3224528,-2919528,361
Westville,Town,2019-20,3016352,,8771,54559,22704,176283,702617,116935,,,4098221,644193,1555991,745531,443846,38610,79342,215264,0,3722777,375444,-375444,210126
Windsor,Town,2019-20,5809734,,120592,45057,361358,247933,464381,94931,,,7143986,1386654,1750924,1055913,992323,120436,235111,963410,0,6504771,639215,-639215,-22438
Wolfville,Town,2019-20,7761473,,981513,0,361632,324169,118482,123465,,,9670734,1482921,2391828,1474118,910112,0,842473,973871,0,8075323,1595410,-1595410,139437
Yarmouth,Town,2019-20,10896451,,1045025,663317,787178,1383246,810742,89975,,,15675934,1955475,4989892,2143992,2344484,0,1448078,1013495,0,13895416,1780518,-1780518,0
Annapolis,Rural Municipality,2019-20,12831320,,359150,0,398214,668251,1271901,95954,,,15624790,3503683,3782221,1826000,3354280,0,421461,1508867,0,14396511,1228279,-1606010,-208822
Antigonish,Rural Municipality,2019-20,9372731,,185178,0,1401950,782625,45240,145144,,,11932868,2728992,3025178,371037,2415709,112000,287387,1441457,0,10381760,1551108,-1551108,0
Argyle,Rural Municipality,2019-20,5236368,,150892,97771,54982,356702,190175,70653,,,6157543,1730199,1703812,246466,1040537,84156,352945,632238,0,5790353,367190,-367190,0
Barrington,Rural Municipality,2019-20,5305773,,146948,145641,305684,459949,194660,92892,,,6651547,1579734,1694600,351986,1263503,150543,345360,785084,0,6170810,480737,-480737,0
Chester,Rural Municipality,2019-20,12369625,,163540,3183524,820235,1059639,200852,85845,,,17883260,3789250,2621463,984708,3636195,0,986009,834130,0,12851755,5031505,-3992644,0
Clare,Rural Municipality,2019-20,5524705,,132658,308461,203189,901580,241698,169582,,,7481873,1328833,1715690,114347,1495016,516243,226105,857333,0,6253567,1228306,-1228306,3203
Colchester,Rural Municipality,2019-20,24390030,,764858,1372961,3285851,1969458,930217,514555,,,33227930,5808336,6345736,1880076,10397353,54783,2321789,3020205,0,29828278,3399652,-5015912,0
Cumberland,Rural Municipality,2019-20,18520315,,2427898,44824,0,1310769,1695375,678343,,,24677524,4907798,7364987,2315066,3745567,288308,1049260,1697417,0,21368403,3309121,-2519380,305000
Digby,Rural Municipality,2019-20,5211678,,149888,87949,155050,674344,1027416,60045,,,7366370,1599041,2304505,690573,1246535,0,292076,583022,0,6715752,650618,-650618,0
East Hants,Rural Municipality,2019-20,21774459,,198367,0,1048534,1826673,165754,310586,,,25324373,6623013,7497983,1189067,4312690,0,1129772,2359863,0,23112388,2211985,-2211985,0
Guysborough,Rural Municipality,2019-20,5038409,,286292,5305309,3939519,314480,324649,98803,,,15307461,2823556,2255036,382346,2729081,0,2375218,1084477,0,11649714,3657747,-3657747,0
Inverness,Rural Municipality,2019-20,10702935,,413967,225749,300662,510938,474344,385555,,,13014150,3333062,2999037,1319999,3244513,0,1087115,689997,0,12673723,340427,-209850,0
Kings,Rural Municipality,2019-20,28237200,,2915100,1398800,368900,1590200,756000,216700,,,35482900,6409426,10858300,2554700,8098000,0,1799700,1333900,0,31054026,4428874,-4428874,-377732
Lunenburg,Rural Municipality,2019-20,17650367,,206396,49026,88664,2999531,47288,141405,,,21182677,4048758,4236253,2504445,3249681,0,1283642,1637202,0,16959981,4222696,-4222696,0
Pictou,Rural Municipality,2019-20,14871449,,254727,3436,198901,369821,327756,24158,,,16050248,2715609,6712667,430104,2590142,652555,409175,944930,0,14455182,1595066,-1595066,0
Richmond,Rural Municipality,2019-20,6650979,,146549,0,199681,996047,1759720,46439,,,9799415,3162729,1972379,554402,1591282,0,480196,795270,19531,8575789,1223626,-1223626,0
Shelburne,Rural Municipality,2019-20,4364245,,257328,383627,376146,308409,115702,3237,,,5808694,1676109,1423573,197381,1255942,6290,168394,435223,0,5162912,645782,-645782,1046509
St. Mary's,Rural Municipality,2019-20,1945598,,160011,0,0,168227,189327,1285,,,2464448,820362,573861,161982,588538,0,74397,242942,0,2462082,2366,-2366,0
Victoria,Rural Municipality,2019-20,6656057,,556106,32900,650474,280353,1478461,0,,,9654351,2979579,2758102,399282,2872558,0,141784,394263,0,9545568,108783,-108783,-1616260
West Hants,Rural Municipality,2019-20,11628805,,126894,786352,1150,592183,384475,240668,,,13760527,2432982,4262531,685049,1840603,0,756324,1044314,0,11021803,2738724,-1817035,789741
Yarmouth,Rural Municipality,2019-20,7911106,,33487,296042,171564,796057,404411,0,,,9612667,1935092,2178699,822502,1082472,138009,930549,821798,0,7909121,1703546,-1686922,0
CBRM,Regional Municipality,2018-19,90875822,,6461978,345177,5248885,3083201,18765590,197323,,,124977976,13189055,46236616,27884574,15353118,0,1172177,10801430,0,114636969,10341007,-10341007,0
HRM,Regional Municipality,2018-19,618813000,,38782000,0,68985000,39472000,10958000,9563000,,,786573000,98349000,217869000,184482000,50543000,0,30403000,89150000,15436000,686232000,100341000,-100341000,0
Region of Queens,Regional Municipality,2018-19,9085579,,325046,1961301,2813260,675772,2089968,109132,,,17060058,2205398,3443105,2116006,3280401,1300740,962107,2075977,0,15383734,1676324,-1237966,563152
Amherst,Town,2018-19,12220905,,314628,188379,369772,784391,1335703,355465,,,15569243,2076723,5668723,1994348,1524993,0,395612,1847230,0,13507629,2061614,-2061614,0
Annapolis Royal,Town,2018-19,1033217,,54506,0,80094,66258,453013,168733,,,1855820,346550,580828,155726,165557,0,274337,106620,0,1629617,226203,-226203,0
Antigonish,Town,2018-19,5021968,,1117805,193870,211060,131249,244704,0,,,6920656,1007392,2234986,1123046,1029461,0,916111,651284,0,6962280,-41624,41624,0
Berwick,Town,2018-19,3020650,,6558,172061,863118,208659,419824,31186,,,4722056,1055869,913874,840624,595552,0,133255,428314,0,3967488,754568,-754568,0
Bridgewater,Town,2018-19,14694496,,774563,0,376956,478169,607980,544542,,,17476706,1834361,5887926,2205689,2111840,98047,477058,1998002,0,14612923,2863783,-2863783,0
Clark's Harbour,Town,2018-19,816313,,31570,576,0,48373,192388,8500,,,1097720,306817,216794,94921,283579,1259,15985,101721,0,1021076,76644,-112931,0
Digby,Town,2018-19,2990035,,450972,173624,128279,157096,395143,11540,,,4306689,691930,1413291,638118,639293,0,135186,372590,0,3890408,416281,-371757,0
Kentville,Town,2018-19,8212428,,509468,211317,1542402,1087992,229684,186858,,,11980149,1518896,3312439,2003533,1914064,4000,667155,1297817,0,10717904,1262245,-1237440,921689
Lockeport,Town,2018-19,883736,,15290,17716,2333,68101,161400,43684,,,1192260,290113,205700,212283,220788,5767,80958,152384,0,1167993,24267,-24267,16624
Lunenburg,Town,2018-19,4646374,,233320,0,454924,365930,68985,10357,,,5779890,457040,1331906,999946,1189139,46079,366966,747384,0,5138460,641430,-640433,997
Mahone Bay,Town,2018-19,1992428,,22774,140112,203254,122769,152885,21000,,,2655223,636027,554667,322282,309172,9541,104382,56091,0,1992162,663061,-399954,263108
Middleton,Town,2018-19,2453395,,150245,84860,168896,82994,351567,55019,,,3346976,515568,939063,689253,435022,0,178358,427884,0,3185148,161828,-309740,97280
Mulgrave,Town,2018-19,1494003,,14744,0,71220,66953,129266,143240,,,1919426,532085,343461,337049,229282,0,0,235028,0,1676905,242521,-130603,111918
New Glasgow,Town,2018-19,14136968,,173459,1105800,94194,521679,1169092,500204,,,17701396,2184459,7051337,3078917,1705605,5000,339563,1264508,0,15629389,2072007,-2072007,0
Oxford,Town,2018-19,1733446,,46995,56215,53551,91945,191842,122880,,,2296874,324582,780889,356202,196399,34942,53263,254512,0,2000789,296085,-208761,87324
Pictou,Town,2018-19,3584470,,347549,16829,267219,414443,563175,0,,,5193685,853118,1462659,890475,633259,42208,111563,621708,0,4614990,578695,-578695,0
Port Hawkesbury,Town,2018-19,4242801,,753427,273092,870289,304840,334534,309457,,,7088440,1222134,1479015,882055,603228,0,94524,1809867,0,6090823,997617,-997617,0
Shelburne,Town,2018-19,2489964,,15920,55926,26329,367003,377658,129396,,,3462196,827450,937898,450157,479634,10792,374235,338586,0,3418751,43445,-43445,0
Stellarton,Town,2018-19,5794232,,149288,106253,114718,91692,556281,121921,,,6934385,931310,2190595,1653143,725655,0,215642,573108,0,6289453,644932,-644932,0
Stewiacke,Town,2018-19,1770214,,5444,0,50129,91545,211381,47642,,,2176355,526905,344190,351802,169744,0,13873,224689,0,1631203,545152,-295380,249772
Trenton,Town,2018-19,1557025,,3331,149371,233207,122153,1504893,33073,,,3603053,702706,809236,607739,389124,0,204941,785061,0,3498807,104246,-206131,-101885
Truro,Town,2018-19,20010924,,817301,401865,881131,557934,1485555,1144791,,,25299501,2687116,8361986,4219517,2257902,81678,1016789,3791507,0,22416495,2883006,-2623006,260000
Westville,Town,2018-19,2970690,,8771,64992,25850,202695,704644,116262,,,4093904,727969,1499276,755548,442749,30426,63323,219855,0,3739146,354758,-354758,0
Windsor,Town,2018-19,5546700,,138797,69351,404537,280187,466644,130716,,,7036932,1086309,1827772,1023127,969220,56686,250537,904424,0,6118075,918857,-918857,0
Wolfville,Town,2018-19,7405630,,992920,0,391077,239011,129062,28249,,,9185949,1347532,2330121,1608543,822892,0,786039,806462,0,7701589,1484360,-1484360,0
Yarmouth,Town,2018-19,10930707,,1052526,692471,756996,1497398,810359,15359,,,15755816,1666132,5193234,2052231,2328259,0,1500300,1010011,0,13750167,2005649,-1989423,16226
Annapolis,Rural Municipality,2018-19,12350661,,334250,0,379519,649051,1148638,15714,,,14877833,3439449,3732617,1830049,2585019,0,443565,1481157,0,13511856,1365977,-970406,395571
Antigonish,Rural Municipality,2018-19,8919975,,187988,0,1432788,784326,36461,85356,,,11446894,2662216,2955692,344572,2183637,109300,384813,1314657,0,9954887,1492007,-1492007,0
Argyle,Rural Municipality,2018-19,5017055,,150111,135445,58782,310296,184042,78210,,,5933941,1635710,1572472,276989,951109,72433,436080,624434,0,5569227,364714,-364714,0
Barrington,Rural Municipality,2018-19,5009987,,143442,126276,332506,453440,193359,89673,,,6348683,1552666,1638048,277261,1213128,22644,329791,718661,0,5752199,596484,-596484,0
Chester,Rural Municipality,2018-19,11879144,,164588,1831910,917467,949840,165735,49243,,,15957927,3504695,2551984,835197,3782190,0,1005881,787034,0,12466981,3490946,-3129893,361053
Clare,Rural Municipality,2018-19,5192372,,133123,337041,311140,504693,241378,122723,,,6842470,1372852,1681564,95890,1417506,513742,241566,932101,0,6255221,587249,-587249,0
Colchester,Rural Municipality,2018-19,23484528,,772001,1600072,3182327,1650247,952958,532270,,,32174403,5417338,6223460,1756600,10468501,78386,903555,2948315,0,27796155,4378248,-3997221,381027
Cumberland,Rural Municipality,2018-19,17642657,,2423564,60433,0,1569087,1651615,185790,,,23533146,4503418,7677647,2154760,3823334,300642,943652,1696642,0,21100095,2433051,-1971868,461183
Digby,Rural Municipality,2018-19,5109684,,147978,91112,99453,655418,922211,34671,,,7060527,1393876,2247365,667267,1265853,0,304703,560364,0,6439428,621099,-284457,336642
East Hants,Rural Municipality,2018-19,21449887,,179054,0,1184808,1757023,178445,324969,,,25074186,6156059,7314321,1019826,3901600,0,1265341,2011453,0,21668600,3405586,-3405586,0
Guysborough,Rural Municipality,2018-19,5788907,,278037,5038196,3992660,242336,269684,60997,,,15670817,2606836,2197186,429141,2591208,0,2463143,1100217,0,11387731,4283086,-4283086,0
Inverness,Rural Municipality,2018-19,9921206,,393299,201313,232826,359016,465568,365823,,,11939051,3035258,2908727,1029978,2863812,0,1020724,659270,0,11517769,421282,-223707,432575
Kings,Rural Municipality,2018-19,27338900,,2924600,1325600,350300,1443600,779400,158700,,,34321100,5978050,10638200,3230540,7702700,0,1676900,1383600,0,30609990,3711110,-3711110,0
Lunenburg,Rural Municipality,2018-19,17076673,,203244,40033,97380,1782466,51795,54532,,,19306123,4109274,4026328,1341505,3240990,0,1030396,1467235,2,15215730,4090393,-4036038,54355
Pictou,Rural Municipality,2018-19,14113967,,255589,1218,208120,503269,327839,22039,,,15432041,2563278,6354598,409327,2381384,502505,362929,720919,0,13294940,2137101,-2137101,0
Richmond,Rural Municipality,2018-19,6807386,,146397,0,208808,721712,1676937,81492,,,9642732,3389560,1906136,552497,1435602,0,602082,843660,0,8729537,913195,-913195,0
Shelburne,Rural Municipality,2018-19,4217041,,205977,367708,448206,278276,115450,1540,,,5634198,1409065,1402877,195273,1187895,11384,77274,479751,0,4763519,870679,-870679,0
St. Mary's,Rural Municipality,2018-19,1899887,,158856,0,0,145515,187799,1296,,,2393353,767649,555252,93781,560316,0,150451,242780,0,2370229,23124,-23124,0
Victoria,Rural Municipality,2018-19,6582617,,485062,31700,676255,292175,1355867,0,,,9423676,2853201,2671865,384258,2532358,0,174090,332397,0,8948169,475507,-475507,0
West Hants,Rural Municipality,2018-19,10758651,,127320,872341,1698,752480,402751,60425,,,12975666,2272124,4742501,662676,2248830,30174,678988,914980,0,11550273,1425393,-1321704,103689
Yarmouth,Rural Municipality,2018-19,7676248,,31884,311000,200402,829304,308321,507392,,,9864551,1915928,2081296,863009,1083327,60017,356507,806741,0,7166825,2697726,-2669090,28636
CBRM,Regional Municipality,2017-18,89455525,,6383786,340408,4697554,3427062,18600891,187045,,,123092271,13821460,45597005,26068706,14788229,0,1127637,10990194,-189010,112204221,10888050,-10888050,0
HRM,Regional Municipality,2017-18,596452000,,38569000,0,68507000,37981000,11106000,8773000,,,761388000,93865000,209851000,176912000,46385000,0,24150000,91410000,15896000,658469000,102919000,-102919000,0
Region of Queens,Regional Municipality,2017-18,8868639,,318648,1906080,2818009,533244,2009266,139489,,,16593375,1938102,3510992,2312385,3029574,1328197,846098,2076434,12308,15054090,1539285,-1401054,138231
Amherst,Town,2017-18,12050944,,320014,186323,358692,510277,1319521,363800,,,15109571,2006967,5458496,1801143,1352151,0,334910,1786516,0,12740183,2369388,-2369388,0
Annapolis Royal,Town,2017-18,900316,,53735,0,72792,56729,422427,241483,,,1747482,344774,519259,158079,160513,0,253559,87184,113106,1636474,111008,-111008,0
Antigonish,Town,2017-18,4707007,,1102058,162054,226537,243423,251738,0,,,6692817,984694,2188861,1071438,1028675,0,658574,589496,0,6521738,171079,-156370,14709
Berwick,Town,2017-18,2944173,,7763,169541,692251,189953,370206,37233,,,4411120,956673,904629,760838,590125,0,156801,308265,0,3677331,733789,-733789,0
Bridgewater,Town,2017-18,14623576,,781206,0,280007,363058,598554,397503,,,17043904,2023184,5460105,2124812,2065849,141031,471241,2211593,0,14497815,2546089,-2546089,0
Clark's Harbour,Town,2017-18,859397,,33040,758,0,40080,193956,5243,,,1132474,295887,209603,87724,266559,1208,17556,110438,0,988975,143499,-140917,2582
Digby,Town,2017-18,2897906,,441551,148591,118129,130943,389741,11000,,,4137861,644384,1357539,594229,627348,0,120113,361418,-179301,3525730,612131,-612131,0
Kentville,Town,2017-18,8054077,,522706,237895,1558703,1027834,228391,144072,,,11773678,1449705,3661383,2064711,1736889,4000,628231,1267500,0,10812419,961259,-949371,11888
Lockeport,Town,2017-18,859399,,15276,18615,3173,61678,163838,10373,,,1132352,283353,200188,158998,193065,7015,81529,119662,0,1043810,88542,-86040,2502
Lunenburg,Town,2017-18,4466811,,229422,0,401438,293977,71725,10573,,,5473946,470623,1258108,845522,1097669,55950,397087,687800,0,4812759,661187,-660417,770
Mahone Bay,Town,2017-18,1828905,,22327,131546,152341,121195,78010,1000,,,2335323,451996,533580,286108,280366,9096,94557,55305,0,1711008,624315,389219,1013534
Middleton,Town,2017-18,2499909,,152982,84461,155498,100415,351928,52360,,,3397553,465294,938930,676675,378679,0,169141,404274,0,3032993,364560,-310171,245192
Mulgrave,Town,2017-18,1561521,,15257,0,188829,76986,129255,61578,,,2033426,439488,319150,376471,223920,0,0,216353,0,1575382,458044,-359793,98251
New Glasgow,Town,2017-18,14181555,,176226,823783,96011,769642,1131169,500284,,,17678670,2128309,6966844,3042429,1820851,5000,202808,1423018,181130,15770389,1908281,-1308419,599862
Oxford,Town,2017-18,1634697,,46793,55330,53814,86606,188784,66567,,,2132591,398377,779485,277757,186356,34905,56897,261418,0,1995195,137396,-199917,-62521
Pictou,Town,2017-18,3578472,,342038,17317,257068,377002,600252,0,,,5172149,835437,1240578,953620,672844,47585,100470,613488,0,4464023,708126,-708126,0
Port Hawkesbury,Town,2017-18,4195787,,771924,241387,957618,257235,335591,265641,,,7025183,1116084,1475238,955875,586083,0,91595,1745486,-2,5970359,1054825,-1054825,0
Shelburne,Town,2017-18,2417977,,16185,64208,10534,529021,399621,88962,,,3526508,767767,993661,410306,413293,10792,397591,426322,0,3419732,106776,-106776,0
Stellarton,Town,2017-18,5815529,,148968,104903,130194,140350,560117,119467,,,7019528,921062,2175182,1574193,739423,0,228899,606754,0,6245513,774015,-774015,0
Stewiacke,Town,2017-18,1752598,,5661,0,50128,187582,212194,57048,,,2265211,537029,346983,342417,136279,0,20532,206400,0,1589640,675571,-917391,-241820
Trenton,Town,2017-18,1674901,,3764,147143,282200,134885,1416308,6558,,,3665759,588619,790296,581258,356094,0,195243,873966,0,3385476,280283,-210461,69822
Truro,Town,2017-18,19533163,,810291,302504,849448,493380,1445161,1071351,,,24505298,2741366,8058224,3904515,2321523,103031,889047,3742668,0,21760374,2744924,-2539924,205000
Westville,Town,2017-18,2973899,,8771,64274,31811,245724,707993,104887,,,4137359,1144302,1500266,691386,469800,0,66010,220456,0,4092220,45139,-45139,0
Windsor,Town,2017-18,5474758,,141808,53754,409944,245667,499232,141702,,,6966865,913422,1763758,1025234,830530,54604,253785,867248,0,5708581,1258284,-1258284,0
Wolfville,Town,2017-18,7299617,,987242,0,371494,207441,116296,56104,,,9038194,1320520,2287626,1574541,713832,0,823928,700351,0,7420798,1617396,-1617396,0
Yarmouth,Town,2017-18,10894922,,1050039,765804,835001,1333907,823059,43477,,,15746209,1882447,5040136,1924088,2280970,0,3020156,961715,0,15109512,636697,-824591,-187894
Annapolis,Rural Municipality,2017-18,11556717,,329976,0,361611,636604,1142710,16885,,,14044503,3264153,3675929,1589602,2357079,0,413270,1371368,0,12671401,1373102,-1515522,-142421
Antigonish,Rural Municipality,2017-18,8798077,,186944,0,1355474,449067,47138,68330,,,10905030,2565917,2916335,370893,2016063,112000,847907,1194958,0,10024073,880957,-880957,0
Argyle,Rural Municipality,2017-18,5009515,,151040,50371,54705,305278,185028,63710,,,5819647,1604886,1542024,299584,936922,56453,390428,612026,0,5442323,377324,-240800,136524
Barrington,Rural Municipality,2017-18,4634363,,143616,117847,686780,420749,195396,169533,,,6368284,1550788,2061496,260624,1184018,20583,333110,698076,0,6108695,259589,-256489,3100
Chester,Rural Municipality,2017-18,11471417,,152451,3075494,1043537,657597,166327,64103,,,16630926,3118162,2493269,527279,3972183,0,859071,773343,0,11743307,4887619,-3949175,938444
Clare,Rural Municipality,2017-18,5055408,,133513,311037,0,791743,244599,117203,,,6653503,1238220,1656637,88356,1266067,558654,368822,655938,0,5832694,820809,-766794,54015
Colchester,Rural Municipality,2017-18,23233603,,779370,1692094,3396052,1492877,891121,522959,,,32008076,4988045,6169408,1332475,9995507,106745,850790,2833189,0,26276160,5731916,-4217558,1514358
Cumberland,Rural Municipality,2017-18,15965254,,2267980,35687,0,1236356,1803867,530133,,,21839277,5213305,7340389,2275006,3259321,186769,875315,1718028,0,20868133,971144,-502631,468513
Digby,Rural Municipality,2017-18,5005109,,144625,83313,88731,646765,872182,20000,,,6860725,1496194,2213497,550177,1142531,0,307353,528811,0,6238563,622162,-609566,12596
East Hants,Rural Municipality,2017-18,20848476,,178010,0,1063209,1718194,165492,401476,,,24374857,5672798,7540443,949360,3757155,0,1270499,1966365,0,21156620,3218237,-3218237,0
Guysborough,Rural Municipality,2017-18,5628889,,287716,5070654,4091079,171712,308402,58747,,,15617199,2584457,2133677,422093,2586872,0,2444174,1031589,31972,11234834,4382365,-4382365,0
Inverness,Rural Municipality,2017-18,9920145,,397677,201354,214074,393983,457895,130528,,,11715656,2354917,2876959,919211,2580981,0,866005,696654,271501,10566228,1149428,-1013423,235000
Kings,Rural Municipality,2017-18,25972800,,2955600,1371400,363200,1182600,656000,196000,,,32697600,5476400,10533200,1347300,8170000,0,1532400,1612700,0,28672000,4025600,-4025600,0
Lunenburg,Rural Municipality,2017-18,16819228,,198154,0,112017,1507629,59419,70638,,,18767085,3998132,3976040,1166713,3339274,0,1131053,1506716,0,15117928,3649157,-3652802,-3645
Pictou,Rural Municipality,2017-18,13865677,,256698,2767,212402,616852,330286,18978,,,15303660,1929477,6218726,353474,2416037,523630,386027,796927,0,12624298,2679362,-2679362,0
Richmond,Rural Municipality,2017-18,6769763,,144962,0,225195,668486,1661694,140695,,,9610795,3127041,1884458,538454,1465891,0,795449,799362,0,8610655,1000140,-1000140,0
Shelburne,Rural Municipality,2017-18,4111957,,206912,380696,316375,312228,115419,1738,,,5445325,1684053,1446859,195060,1097418,61500,55568,438413,0,4978871,466454,-466454,0
St. Mary's,Rural Municipality,2017-18,1818374,,155666,0,0,146658,186987,1307,,,2308992,724107,566301,94241,575118,0,156886,211878,0,2328531,-19539,19539,0
Victoria,Rural Municipality,2017-18,6500579,,553380,48300,799023,289146,1258754,0,,,9449182,2648894,2547817,403052,2649774,0,171332,358246,0,8779115,670067,-670067,0
West Hants,Rural Municipality,2017-18,10300016,,120043,921585,2198,474613,1134619,104800,,,13057874,2068865,4761709,609456,1536621,0,577367,896940,0,10450957,2606917,-1534057,1072860
Yarmouth,Rural Municipality,2017-18,7333351,,31325,311000,217618,745712,413007,487355,,,9539368,2143537,2113648,945759,1125415,43773,450309,843563,0,7666004,1873364,-1861893,11471
CBRM,Regional Municipality,2016-17,87387699,,6199795,336068,4552561,3296837,18438463,173055,,,120384478,13641791,44713411,26377738,15018332,0,1169528,10864267,-2380241,109404826,10979652,-10979652,0
HRM,Regional Municipality,2016-17,575019000,,38336000,0,67197000,42553000,9473000,8721000,,,741299000,86385000,201271000,182138000,39670000,0,21682000,84619000,16346000,632111000,109188000,-109188000,0
Region of Queens,Regional Municipality,2016-17,8684364,,317695,1834484,2750438,639059,1965577,54283,,,16245901,1741639,3075670,2283242,2952365,1355403,764936,2023233,0,14196488,2049413,-1813120,236293
Amherst,Town,2016-17,11927558,,332985,203077,426354,534574,1328577,391584,,,15144709,1717422,5465824,1988583,1350227,0,384012,1737356,0,12643424,2501285,-2501285,0
Annapolis Royal,Town,2016-17,906078,,55618,0,82221,48740,417603,126200,,,1636460,339823,467081,166742,162892,0,218496,79931,0,1434965,201495,-201495,0
Antigonish,Town,2016-17,4497878,,1138720,163973,249549,166931,242289,0,,,6459340,1035612,2070050,1267192,922869,0,399760,561614,0,6257097,202243,-147242,55001
Berwick,Town,2016-17,2940184,,7189,167200,299830,90147,388495,37827,,,3930872,790624,883432,692116,659605,0,63072,342713,0,3431562,499310,-499310,0
Bridgewater,Town,2016-17,14578321,,808427,0,244481,443243,593246,361524,,,17029242,2081953,5413207,1964124,1926961,128507,567568,2099326,0,14181646,2847596,-2847596,0
Clark's Harbour,Town,2016-17,836328,,32371,9156,0,69009,194009,10934,,,1151807,306147,201110,88962,279136,0,32406,84968,0,992729,159078,-148937,10141
Digby,Town,2016-17,2822398,,452111,138941,110382,136194,404838,11209,,,4076073,645306,1310090,649247,568000,0,127765,351325,0,3651733,424340,-424340,0
Kentville,Town,2016-17,7988966,,470755,213455,1540312,1017580,223548,163017,,,11617633,1465283,3093028,1923024,1663816,20700,662237,1302456,0,10130544,1487089,-1210316,276773
Lockeport,Town,2016-17,847684,,15416,18664,3724,69801,163568,58247,,,1177104,308336,201648,162905,173149,10871,93251,120378,0,1070538,106566,-123663,-17097
Lunenburg,Town,2016-17,4346199,,235863,0,397245,293500,67960,27670,,,5368437,475308,1264748,873526,1052941,50236,385158,631234,0,4733152,635285,-634351,934
Mahone Bay,Town,2016-17,1744663,,21146,128138,3748,125919,60508,1000,,,2085122,448131,531811,289050,283050,9000,109590,46967,0,1717598,367524,610542,978066
Middleton,Town,2016-17,2430198,,158496,82456,154746,88584,352827,52398,,,3319705,443802,900945,583806,340077,0,173244,421680,0,2863554,456151,-265348,190803
Mulgrave,Town,2016-17,1526657,,16438,0,32997,104197,129233,60842,,,1870364,552046,328875,321313,229691,0,0,205837,0,1637761,232603,-228128,4475
New Glasgow,Town,2016-17,13976549,,174378,783341,82189,699632,1130266,500300,,,17346655,2154535,6671784,3339005,1905551,5000,320110,1430747,124036,15950768,1395887,-1256834,139053
Oxford,Town,2016-17,1674199,,60393,54350,0,117487,187290,28210,,,2121929,408798,764226,277647,182717,35844,35827,254975,0,1960034,161895,-161895,0
Pictou,Town,2016-17,3618756,,328681,15304,265108,367600,570663,0,,,5166112,778917,1326049,950316,651611,19168,105086,645654,0,4476801,689311,-689311,0
Port Hawkesbury,Town,2016-17,4181449,,776784,244408,1456455,246006,332010,203170,,,7440282,1044183,1431629,1170623,641082,0,90029,1954071,0,6331617,1108665,-1108665,0
Shelburne,Town,2016-17,2316173,,16743,51087,11846,314441,373146,51998,,,3135434,730931,956407,357998,362994,10792,294933,252651,0,2966706,168728,-168728,0
Stellarton,Town,2016-17,5768938,,146524,104097,135796,77914,554645,127384,,,6915298,979828,2097904,1611315,769917,0,244473,735051,0,6438488,476810,-476810,0
Stewiacke,Town,2016-17,1615715,,5741,0,0,77865,212612,59667,,,1971600,466756,335969,367360,158498,0,22906,184571,0,1536060,435540,-276411,159129
Trenton,Town,2016-17,1774019,,4473,167339,274583,87646,1410116,4736,,,3722912,601337,798136,700315,358770,0,216121,820627,0,3495306,227606,-225753,1853
Truro,Town,2016-17,19223422,,789419,197095,834606,467136,1490476,1015230,,,24017384,3019108,7638012,3619652,2318709,119140,821424,3666324,0,21202369,2815015,-2610015,205000
Westville,Town,2016-17,2951955,,8351,65322,36128,202993,704891,137679,,,4107319,738571,1455823,639663,478563,0,72592,263373,0,3648585,458734,-458734,0
Windsor,Town,2016-17,5534180,,145597,56105,423748,249093,471392,110078,,,6990193,932970,1751212,1090911,720843,60195,239714,860592,0,5656437,1333756,-1333756,0
Wolfville,Town,2016-17,6907654,,977380,0,379693,180189,116719,95360,,,8656995,1280666,2244639,1422586,758760,0,885310,617101,0,7209062,1447933,-1447933,0
Yarmouth,Town,2016-17,10454126,,1080602,748352,739347,1279589,842842,178683,,,15323541,1856145,4666243,1943637,2273115,0,1859367,933240,0,13531747,1791794,-1758478,33316
Annapolis,Rural Municipality,2016-17,11220330,,326046,0,358288,706865,1081069,17580,,,13710178,3288574,2924613,1876544,2537182,0,384010,1488302,49007,12548231,1161947,-883615,278332
Antigonish,Rural Municipality,2016-17,8530829,,186806,0,1314312,356437,60094,64504,,,10512982,2323414,2804143,305806,2020075,112000,336190,1067511,0,8969139,1543843,-1543843,0
Argyle,Rural Municipality,2016-17,4861116,,151055,34955,38079,306699,183117,102623,,,5677644,1492281,1488675,311756,929419,36814,383760,552878,0,5195583,482061,-482061,0
Barrington,Rural Municipality,2016-17,4460681,,141389,119423,940741,541630,205023,112088,,,6520975,1422835,2295352,223391,1166954,63142,247021,616899,0,6035594,485381,-472781,12600
Chester,Rural Municipality,2016-17,10858798,,153184,3598534,968616,642910,198441,111262,,,16531745,3114591,2398401,564093,3119826,0,882799,825523,-6880,10898353,5633392,-4844974,788418
Clare,Rural Municipality,2016-17,5009783,,133332,317591,0,770317,243712,98832,,,6573567,1327973,1613099,129542,1377315,526352,324996,731553,0,6030830,542737,-553762,-11025
Colchester,Rural Municipality,2016-17,22558443,,667702,1516552,3757152,1482993,984883,1268913,,,32236638,5236521,6164212,1336211,9494434,139709,808600,3022046,0,26201733,6034905,-1823310,4211595
Cumberland,Rural Municipality,2016-17,15127148,,2210138,51925,5110,1083644,1255907,356149,,,20090021,4902327,6773830,1778476,3158423,113045,511430,1473264,310996,19021791,1068230,-555036,513194
Digby,Rural Municipality,2016-17,4804110,,141573,83835,97321,550643,814671,3560,,,6495713,1451265,2139876,561502,1123022,0,317458,472515,0,6065638,430075,-224410,205665
East Hants,Rural Municipality,2016-17,20473958,,188129,0,943658,1653781,142469,437434,,,23839429,5445285,6996687,1191327,3954202,0,1290752,1962676,0,20840929,2998500,-2998500,0
Guysborough,Rural Municipality,2016-17,5766176,,273368,4839176,4049813,167614,440293,209530,,,15745970,3418703,2103632,537636,2677009,0,2650450,933498,0,12320928,3425042,-3383043,41999
Inverness,Rural Municipality,2016-17,9016541,,396763,206218,243751,332551,464791,247900,,,10908515,2315596,2682514,730348,2579396,0,906876,743937,290081,10248748,659767,-646222,98995
Kings,Rural Municipality,2016-17,25392000,,2960700,1393300,332400,1062100,640100,166200,,,31946800,5789900,10176200,1548200,7811800,0,1480900,1572600,0,28379600,3567200,-3206800,0
Lunenburg,Rural Municipality,2016-17,17075227,,206440,0,74107,1850643,53490,103444,,,19363351,4155401,3815990,1128892,3229259,0,1176992,1523368,0,15029902,4333449,-2818810,1514639
Pictou,Rural Municipality,2016-17,13852062,,256580,0,228117,607607,328113,18480,,,15290959,3100338,6059810,628539,2819030,535930,328020,744752,0,14216419,1074540,-1074540,0
Richmond,Rural Municipality,2016-17,6481263,,144979,0,0,603804,1646671,26156,,,8902873,3664744,1822911,531149,1467077,0,843736,683751,0,9013368,-110495,109356,-1139
Shelburne,Rural Municipality,2016-17,3963435,,207027,0,697398,375598,118727,239848,,,5602033,1484099,1499395,173143,1087806,0,69879,338019,0,4652341,949692,-949692,0
St. Mary's,Rural Municipality,2016-17,1825304,,155289,0,0,252884,245191,14941,,,2493609,803041,532656,203714,552255,0,106572,265465,0,2463703,29906,-29906,0
Victoria,Rural Municipality,2016-17,6367145,,534048,45700,665618,237185,1277692,0,,,9127388,2579702,2459689,375433,2299989,0,196664,390162,0,8301639,825749,-825749,4921
West Hants,Rural Municipality,2016-17,9969526,,119217,868986,1650,505955,340529,97119,,,11902982,2309037,4576918,591782,1490495,36523,589190,859562,21194,10474701,1428281,-1236576,191705
Yarmouth,Rural Municipality,2016-17,7152461,,30513,319559,192648,995309,326854,484444,,,9501788,1765586,2060728,1078291,1060213,24665,443119,854820,0,7287422,2214366,-2174411,39955
CBRM,Regional Municipality,2015-16,,89533366,6205848,331728,4914374,3465123,15335838,,196457,0,119982734,13187348,43195141,27176496,14589686,0,1304555,9564028,0,109017254,,,
HRM,Regional Municipality,2015-16,,579584409,38490000,0,74687022,34888078,2611637,,8746390,0,739007536,104351058,192996570,172979000,49901000,0,20845000,78830163,16796100,636698891,,,
Region of Queens,Regional Municipality,2015-16,,9050038,308024,1674074,2774970,813645,1240388,,106291,0,15967430,1774049,2919616,2191728,2893542,1291642,915770,2031784,0,14018131,,,
Amherst,Town,2015-16,,12010952,338609,226512,395461,512731,1260382,,399753,0,15144400,1738307,5520944,2040301,1413738,0,452241,1773137,0,12938668,,,
Annapolis Royal,Town,2015-16,,1158953,56521,0,74660,54730,94642,,125700,0,1565206,329887,514173,161621,160687,0,229147,71756,0,1467272,,,
Antigonish,Town,2015-16,,3948638,1110459,224537,638182,187197,214969,,0,0,6323982,861360,1970838,1223668,1270874,0,338537,935441,0,6600718,,,
Berwick,Town,2015-16,,2948579,8705,192247,109289,76564,233368,,41752,0,3610504,590192,860264,636640,688625,0,111186,335806,0,3222713,,,
Bridgewater,Town,2015-16,,14310884,827269,0,226731,337252,532553,,315972,0,16550661,2183413,5240626,2076119,2216999,135115,398833,2270017,0,14521122,,,
Clark's Harbour,Town,2015-16,,822172,31883,0,0,57590,189822,,16525,0,1117992,276586,194846,88885,276675,0,29077,103524,0,969593,,,
Digby,Town,2015-16,,2772352,443535,154706,107093,122867,388863,,16144,3000,4008560,692282,1337489,636908,548457,92643,121964,340975,0,3770718,,,
Kentville,Town,2015-16,,7921295,515566,165015,1449970,1239790,168621,,155440,4500,11620197,1440411,2999281,2097206,1601982,21200,639284,1235455,0,10034819,,,
Lockeport,Town,2015-16,,842031,15511,47259,6280,101129,158081,,20059,0,1190350,285490,192459,148309,187736,7351,101370,118159,0,1040874,,,
Lunenburg,Town,2015-16,,4353203,235548,0,402248,290958,50127,,6246,0,5338330,444211,1223267,932160,978118,45236,305317,616931,0,4545240,,,
Mahone Bay,Town,2015-16,,1680404,21104,127481,3994,114648,50021,,7554,0,2005206,408925,503183,292122,313622,9521,101806,50678,0,1679857,,,
Middleton,Town,2015-16,,2417089,160913,92641,147085,89036,378673,,41940,0,3327377,555404,869906,535846,411423,500,177980,401687,0,2952746,,,
Mulgrave,Town,2015-16,,1401775,14309,0,56838,301827,128508,,44539,0,1947796,689630,348299,326706,206208,0,0,226852,0,1797695,,,
New Glasgow,Town,2015-16,,13441354,157960,760297,84290,858451,1058628,,500292,0,16861272,1751855,6928539,3239089,1766875,5000,223962,1539162,0,15454482,,,
Oxford,Town,2015-16,,1693799,60952,53650,0,112631,181921,,38544,10000,2151497,322437,740227,280713,193377,36738,49851,321906,0,1945249,,,
Parrsboro,Town,2015-16,,1191583,10360,61506,144431,72365,396594,,40447,0,1917286,455658,561279,546382,96592,0,106384,157673,0,1923968,,,
Pictou,Town,2015-16,,3643878,320348,27872,288770,341885,536507,,0,50910,5210170,930840,1320543,975339,674269,30749,106380,657859,0,4695979,,,
Port Hawkesbury,Town,2015-16,,4183818,761437,190300,1119512,263027,300873,,84497,120158,7023622,1009817,1360244,1107513,656689,0,69070,1798100,0,6001433,,,
Shelburne,Town,2015-16,,2355157,29557,62504,14137,193295,361373,,38472,14500,3068995,669652,958161,408681,332682,10761,212205,195979,0,2788121,,,
Stellarton,Town,2015-16,,5986860,146399,102013,151811,194139,500864,,107581,0,7189667,923954,2081617,1716327,765330,0,250827,613539,0,6351594,,,
Stewiacke,Town,2015-16,,1585163,5673,0,0,93634,205501,,66375,0,1956346,455531,344184,372290,178054,0,14246,161399,0,1525704,,,
Trenton,Town,2015-16,,2722643,3721,146082,260789,75193,420922,,5345,0,3634695,610789,722563,683592,325960,0,189658,815642,0,3348204,,,
Truro,Town,2015-16,,18455992,796805,163777,695904,753609,1363794,,978258,0,23208139,2686109,7578757,3715761,2637912,127926,850703,3311092,0,20908260,,,
Westville,Town,2015-16,,2937519,3305,0,274986,246805,684391,,183583,0,4330589,743717,1582820,767631,456397,0,69770,203743,0,3824078,,,
Windsor,Town,2015-16,,5372552,146428,50391,464322,292676,432754,,24169,93196,6876488,1093979,1549364,1003315,559213,49673,247845,829407,0,5332796,,,
Wolfville,Town,2015-16,,6996059,969280,0,433730,151511,71006,,66247,10846,8698679,1183926,2134957,1382416,788726,0,764728,763204,0,7017957,,,
Yarmouth,Town,2015-16,,10807989,1105013,743093,726594,1331883,728189,,43129,0,15485890,1863456,4751343,1806538,2362239,0,1782655,923179,0,13489410,,,
Annapolis,Rural Municipality,2015-16,,11019944,309314,0,248886,595357,943913,,81751,12808,13211973,3384032,3364035,1625992,2215251,0,414352,1271726,74474,12349862,,,
Antigonish,Rural Municipality,2015-16,,8046442,424798,0,1252020,385350,150941,,67566,0,10327117,2172526,2696113,301706,1929730,117500,322068,926660,417074,8883377,,,
Argyle,Rural Municipality,2015-16,,4797776,183263,24200,0,300133,161702,,90336,0,5557410,1531432,1433611,294225,893670,77800,491149,543692,0,5265579,,,
Barrington,Rural Municipality,2015-16,,4572539,143466,116211,482200,393530,181584,,89522,0,5979052,1444292,1717542,251356,1098247,45704,247159,635403,0,5439703,,,
Chester,Rural Municipality,2015-16,,10354888,147243,2800112,1051224,813114,104890,,162931,126852,15561254,3014428,2419780,536260,3263434,0,1069888,952610,-1667,11254733,,,
Clare,Rural Municipality,2015-16,,4943308,124525,283420,0,594479,235543,,171613,0,6352888,1271527,1552790,134358,1310785,499390,478769,653798,0,5901417,,,
Colchester,Rural Municipality,2015-16,,21318583,1036639,1552187,3162924,2404640,1080717,,321091,1129973,32006754,5087659,6219021,1435449,9492633,115677,693831,4080674,0,27124944,,,
Cumberland,Rural Municipality,2015-16,,14398631,2199423,0,0,1098132,1470956,,397948,0,19565090,4785785,6307266,1655020,3095114,117567,455677,1323785,1620850,19361064,,,
Digby,Rural Municipality,2015-16,,5332425,142978,90624,100899,335390,360050,,0,0,6362366,1472855,2076084,538089,1044389,0,374713,460682,0,5966812,,,
East Hants,Rural Municipality,2015-16,,19846418,186160,0,894849,1655985,204181,,178559,0,22966152,5162340,6745003,1029377,3885773,0,1299118,1528562,0,19650173,,,
Guysborough,Rural Municipality,2015-16,,5874070,277645,4843873,3757556,210004,281365,,131486,0,15375999,2867362,2092509,350236,2372839,0,2161729,1026583,0,10871258,,,
Inverness,Rural Municipality,2015-16,,8761867,398621,147822,181888,372920,539400,,114787,0,10517305,2148028,2555393,927983,2351267,0,688393,658044,297997,9627105,,,
Kings,Rural Municipality,2015-16,,25971400,3051000,1362100,446100,1203100,292900,,156100,71600,32554300,5201800,9910400,2385500,7604400,0,1555200,1345300,0,28002600,,,
Lunenburg,Rural Municipality,2015-16,,16694264,232214,0,111871,2408221,49044,,76317,0,19571931,3899790,3677359,1171547,3989862,0,1216949,2481065,0,16436572,,,
Pictou,Rural Municipality,2015-16,,13457117,257000,17128,131210,465093,439939,,0,0,14767487,2197141,5957004,619619,2619053,0,284520,542360,749264,12968961,,,
Richmond,Rural Municipality,2015-16,,9597928,136965,0,0,534620,0,,42321,0,10311834,3036081,2481693,628634,1627698,0,1000137,688156,202155,9664554,,,
Shelburne,Rural Municipality,2015-16,,4002974,203620,0,62207,395414,76780,,37073,0,4778068,1691687,1176495,217639,739596,450000,76116,331142,0,4682675,,,
St. Mary's,Rural Municipality,2015-16,,1757844,155613,0,0,128708,186151,,9728,0,2238044,839581,625770,123717,538615,0,25786,237227,0,2390696,,,
Victoria,Rural Municipality,2015-16,,7100572,734452,0,783904,239440,132610,,0,0,8990978,2490840,2399948,479520,2609322,4266,182841,421346,0,8588083,,,
West Hants,Rural Municipality,2015-16,,9632644,120155,673649,1974,446860,218534,,505895,161,11599872,2560342,4511250,770219,1428539,20374,601642,668430,39456,10600252,,,
Yarmouth,Rural Municipality,2015-16,,7232617,31259,308786,116590,736216,157109,,0,0,8582577,1874475,1952551,1094839,1087843,73262,494101,880159,0,7457230,,,
CBRM,Regional Municipality,2014-15,,86638089,5439997,463628,4944632,3261801,15335838,,2120668,0,118204653,12724950,43325158,27747923,14746219,0,1080392,9403871,0,109028513,,,
HRM,Regional Municipality,2014-15,,553141687,36875503,0,76128650,33730296,2084750,,8574750,0,710535636,98839978,191948709,185556130,49659037,0,19864493,72567027,17246100,635681474,,,
Region of Queens,Regional Municipality,2014-15,,8657273,300911,1686609,2659651,849123,1239339,,101776,0,15494682,1549839,2956430,2308585,2904665,1267220,812606,1823475,0,13622820,,,
Amherst,Town,2014-15,,11974903,309822,244250,192311,523011,1260382,,395897,0,14900576,1783305,5090027,2423093,1484708,0,629081,1570681,0,12980895,,,
Annapolis Royal,Town,2014-15,,1126528,55641,0,69708,31047,93940,,194415,0,1571278,310098,477525,190189,151906,0,241317,65823,0,1436859,,,
Antigonish,Town,2014-15,,3951161,1082590,145186,545774,186714,211246,,0,0,6122671,690931,1895529,1211530,872578,0,303334,460923,0,5434825,,,
Berwick,Town,2014-15,,2868269,8493,194320,106150,74900,232842,,43813,0,3528787,591623,894520,651113,676391,0,125430,300126,0,3239203,,,
Bridgetown,Town,2014-15,,1058470,26594,100703,270,49511,208365,,94566,13761,1552240,260359,372242,266289,176423,0,52641,107218,0,1235172,,,
Bridgewater,Town,2014-15,,13782175,806570,0,410567,373505,532615,,311348,0,16216780,1990296,5307950,2400235,1765711,134028,393248,2037856,0,14029324,,,
Clark's Harbour,Town,2014-15,,784779,31866,0,0,55372,192832,,11333,0,1076182,299595,192642,102416,260033,946,41088,90650,0,987370,,,
Digby,Town,2014-15,,2833218,439694,161641,102572,135679,390719,,2344,2500,4068367,679722,1263697,695935,589925,157357,110086,327582,0,3824304,,,
Hantsport,Town,2014-15,,1481527,8270,156938,85,76528,132505,,23367,1196,1880416,286378,494625,518271,179738,17000,14075,68604,0,1578691,,,
Kentville,Town,2014-15,,7750426,512883,180723,1318910,1224876,168606,,131024,0,11287448,1378442,3108939,2129511,1550106,19700,618013,1264896,0,10069607,,,
Lockeport,Town,2014-15,,809731,15083,45380,15460,84064,158081,,22949,0,1150748,298077,191492,174731,212138,6800,89315,147107,0,1119660,,,
Lunenburg,Town,2014-15,,4155067,231793,0,350522,273476,50125,,1000,0,5061983,434602,1206443,912690,1028859,49864,268178,577168,0,4477804,,,
Mahone Bay,Town,2014-15,,1720043,20813,122487,7320,120862,50020,,6155,0,2047700,359634,477427,331496,260410,9000,97529,49187,0,1584683,,,
Middleton,Town,2014-15,,2375817,159238,107273,137278,98404,338661,,39930,0,3256601,420957,861508,587627,394197,2000,149206,337743,0,2753238,,,
Mulgrave,Town,2014-15,,1343522,15695,0,27096,109995,136984,,94583,0,1727875,496508,332512,268143,266831,0,0,262542,0,1626536,,,
New Glasgow,Town,2014-15,,13323736,120473,788377,93034,723421,1058593,,500222,0,16607856,1823310,6560520,3424299,1716040,5000,214461,1501079,0,15244709,,,
Oxford,Town,2014-15,,1633840,59536,52872,0,80813,181870,,23496,5000,2037427,298104,729069,329720,205865,40750,39699,274015,0,1917222,,,
Parrsboro,Town,2014-15,,1217249,10433,65564,280380,40675,399156,,44825,0,2058282,525247,536351,622380,104841,0,110700,165155,0,2064674,,,
Pictou,Town,2014-15,,3550838,309932,33132,261072,362317,545715,,0,8182,5071188,767169,1289410,1071443,607673,43454,106325,646033,0,4531507,,,
Port Hawkesbury,Town,2014-15,,4220535,746986,222974,999871,270713,300486,,110293,122121,6993979,1030936,1367899,1148486,631866,0,74040,1854885,0,6108112,,,
Shelburne,Town,2014-15,,2208618,33805,43000,0,196337,359645,,1000,3000,2845405,697786,791929,462218,384992,10496,169727,158759,0,2675907,,,
Springhill,Town,2014-15,,2333727,2203617,60511,632889,375952,849524,,190917,0,6647137,1449971,2400377,1106315,611503,272,34124,892205,0,6494767,,,
Stellarton,Town,2014-15,,5704045,145204,99000,153195,98013,500861,,107926,0,6808244,861343,1963232,1594863,733160,0,253058,622672,0,6028328,,,
Stewiacke,Town,2014-15,,1553619,5663,0,1000,116210,205474,,47563,0,1929529,445520,320985,392412,137450,0,20491,167766,0,1484624,,,
Trenton,Town,2014-15,,2688986,3744,158678,248423,72153,420922,,5174,0,3598080,628163,703630,751661,338585,0,205540,762586,0,3390165,,,
Truro,Town,2014-15,,18025856,692301,173447,775826,489570,1367613,,1008948,0,22533561,3062295,7539600,3929493,2500375,134993,719868,3177732,0,21064356,,,
Westville,Town,2014-15,,2857101,5873,0,282861,204832,684391,,121399,0,4156457,873682,1474649,746369,478602,0,72336,158100,0,3803738,,,
Windsor,Town,2014-15,,5318348,143456,62754,396945,210339,432708,,39190,80553,6684293,1036787,1497295,1167746,623168,66832,215281,831353,0,5438462,,,
Wolfville,Town,2014-15,,6550309,929426,1691,416168,172192,70978,,48894,1000,8190658,1180188,2142152,1431674,749008,0,803836,714686,0,7021544,,,
Yarmouth,Town,2014-15,,10583668,1110230,781799,682006,1515254,728184,,95058,0,15496199,1560702,4619206,2315490,2364907,0,1926992,943498,0,13730795,,,
Annapolis,Rural Municipality,2014-15,,9644840,295325,0,194212,625165,734411,,6887,9229,11510069,2871169,3280529,1444207,1958828,0,363075,1216134,0,11133942,,,
Antigonish,Rural Municipality,2014-15,,7625285,404314,0,1254754,291655,161678,,53997,0,9791683,2487698,2509630,289866,1845564,92633,334339,1024242,0,8583972,,,
Argyle,Rural Municipality,2014-15,,4611778,180540,1200,0,336540,161259,,156846,0,5448163,1419700,1374705,321409,869582,154058,591220,544517,0,5275191,,,
Barrington,Rural Municipality,2014-15,,4426020,144501,102774,425164,406662,202142,,85006,0,5792269,1402681,1675751,259909,1038716,156372,167539,604851,0,5305819,,,
Chester,Rural Municipality,2014-15,,9846909,146880,2517098,898040,773075,117920,,126266,8774,14434962,2858925,2381228,605341,3454651,0,865695,878956,0,11044796,,,
Clare,Rural Municipality,2014-15,,4734671,151577,385176,0,553956,293372,,145734,0,6264486,1226513,1511687,111220,1609323,594242,411720,581952,0,6046657,,,
Colchester,Rural Municipality,2014-15,,21180516,916518,1583318,3015325,1971212,970077,,683494,757205,31077665,4525174,6346339,1236410,9446920,134599,699861,2985659,0,25374962,,,
Cumberland,Rural Municipality,2014-15,,11860563,307850,0,0,577020,819232,,27250,0,13591915,3085111,4706839,421562,2579367,121418,325867,319753,0,11559917,,,
Digby,Rural Municipality,2014-15,,5250673,139423,91576,83796,283228,360093,,73978,0,6282767,1373388,2008090,591589,979846,0,443553,486202,0,5882668,,,
East Hants,Rural Municipality,2014-15,,5860854,275653,4773775,525242,761965,290473,,113595,0,12601557,3243124,2083609,373765,2184486,0,587769,696196,0,9168949,,,
Guysborough,Rural Municipality,2014-15,,19331242,177299,0,877270,1512360,185602,,280557,0,22364330,5336816,6426125,1280669,3792215,0,1506306,1371489,0,19713620,,,
Inverness,Rural Municipality,2014-15,,25196000,3012800,1327200,451400,1261000,286100,,138700,97500,31770700,5361700,9674600,2489900,7439300,0,1513100,1447000,0,27925600,,,
Kings,Rural Municipality,2014-15,,16264548,227186,45244,65400,2595607,48575,,101006,0,19347566,3979627,3454340,1192418,3191065,0,1312543,2648849,0,15778842,,,
Lunenburg,Rural Municipality,2014-15,,13200293,219532,71271,0,685687,438666,,0,0,14615449,1818417,5780291,698808,2539281,0,192976,427926,705386,12163085,,,
Pictou,Rural Municipality,2014-15,,9063138,138690,0,165000,541021,0,,61039,0,9968888,3049707,2341019,551330,1828859,64,1031834,669269,0,9472082,,,
Richmond,Rural Municipality,2014-15,,3867261,205102,0,32091,273394,78047,,0,0,4455895,1226424,1184790,268619,743357,549,97155,313338,0,3834232,,,
Shelburne,Rural Municipality,2014-15,,1697579,145261,0,0,185902,186377,,7855,0,2222974,811187,514191,131724,544041,0,70558,240143,0,2311844,,,
St. Mary's,Rural Municipality,2014-15,,6851630,666128,0,688629,257283,257657,,0,0,8721327,2624050,2343681,475130,2162094,7071,161770,448310,0,8222106,,,
Victoria,Rural Municipality,2014-15,,7709236,115617,455186,26101,274314,102806,,75130,0,8758390,1801099,3895302,475716,1257692,0,532693,520748,60000,8543250,,,
West Hants,Rural Municipality,2014-15,,8266329,427289,178588,198347,377969,489541,,108573,0,10046636,2302645,2509443,830926,2259901,0,534717,638825,212570,9289027,,,
Yarmouth,Rural Municipality,2014-15,,7031184,32718,303155,126717,774630,167963,,0,0,8436367,1833809,1987604,1133345,1035556,110142,635486,929903,0,7665845,,,
CBRM,Regional Municipality,2013-14,,87304087,5575548,187548,10160391,3156339,15653202,,2096012,0,124133127,16634424,41955716,29616571,14674037,1795245,997300,9667107,0,115340400,,,
HRM,Regional Municipality,2013-14,,550187287,36414481,0,75594718,25712987,1580487,,8580700,0,698070660,93509896,187403388,165852900,46848426,2568551,19824262,71208348,17653500,604869271,,,
Region of Queens,Regional Municipality,2013-14,,8861054,323274,1604542,2651718,797254,1136146,,143700,0,15517688,1670320,2994291,2254244,2893795,1368400,732662,1803542,0,13717254,,,
Amherst,Town,2013-14,,11287658,304454,243369,998679,564367,1238943,,395532,0,15033002,2020572,5322900,2229674,1472270,211031,789034,1548403,0,13593884,,,
Annapolis Royal,Town,2013-14,,1181254,55213,0,79690,46960,71045,,113927,0,1548089,322945,489653,146673,142601,17159,141244,48414,0,1308689,,,
Antigonish,Town,2013-14,,4042051,885618,149444,476358,178128,198385,,0,0,5929984,641678,2033421,1073053,862710,57747,320856,603130,0,5592595,,,
Berwick,Town,2013-14,,2871297,9716,188682,162997,65784,269651,,0,30020,3598147,999803,863288,649407,595114,16595,110148,253758,0,3488113,,,
Bridgetown,Town,2013-14,,1111311,27172,92747,6091,61496,206125,,6615,28019,1539576,283988,375173,230609,152508,30728,86492,116817,0,1276315,,,
Bridgewater,Town,2013-14,,13775889,802824,0,532526,401917,435932,,350475,4000,16303563,1862840,5299768,2443976,1774253,205040,371110,1979662,0,13936649,,,
Clark's Harbour,Town,2013-14,,819743,32630,0,0,53746,187241,,2545,0,1095905,291928,199174,88406,248406,29816,39343,92182,0,989255,,,
Digby,Town,2013-14,,2779070,438882,175300,101978,155317,373277,,5171,2500,4031495,685784,1275476,775101,605566,63819,108012,300219,0,3813977,,,
Hantsport,Town,2013-14,,1590594,8505,172788,13503,77341,89950,,15417,3589,1971687,377901,538490,453653,182666,26960,21286,135878,0,1736834,,,
Kentville,Town,2013-14,,7862676,510023,171538,878347,1378347,129466,,201187,0,11131584,1347267,3338424,2169712,1449804,90676,563253,1157469,0,10116605,,,
Lockeport,Town,2013-14,,792881,15155,44917,33403,72976,160182,,57780,0,1177294,292248,196550,156870,177788,13232,83646,150766,0,1071100,,,
Lunenburg,Town,2013-14,,3960231,226305,0,277550,233606,69224,,31043,183712,4981671,458783,1386187,898781,1022614,67457,259266,610615,0,4703703,,,
Mahone Bay,Town,2013-14,,1702863,21249,119142,8378,124789,50020,,11000,0,2037441,367839,477652,279224,261886,20446,89581,52723,0,1549351,,,
Middleton,Town,2013-14,,2433918,158535,131286,172032,103507,337129,,39803,0,3376210,573700,864443,540556,343944,52583,187051,345515,0,2907792,,,
Mulgrave,Town,2013-14,,1364443,4917,0,745,135123,155563,,47473,0,1708264,377957,392247,283875,224918,13451,0,238208,0,1530656,,,
New Glasgow,Town,2013-14,,13449028,75646,710844,89852,619232,1040319,,1579,0,15986500,1814458,6129542,2918529,1537689,203569,271576,1693889,0,14569252,,,
Oxford,Town,2013-14,,1785379,60874,52872,0,80578,184941,,111586,0,2276230,318311,766445,415629,180397,61328,44929,232644,0,2019683,,,
Parrsboro,Town,2013-14,,1242704,10703,87728,271341,50281,398704,,31444,0,2092905,552805,556983,545118,70807,50665,69397,155226,0,2001001,,,
Pictou,Town,2013-14,,3511504,311393,29852,296448,330824,593760,,20200,26000,5119981,691786,1373043,1024565,642195,182622,296471,545747,0,4756429,,,
Port Hawkesbury,Town,2013-14,,4566861,735196,241598,1008227,482729,277546,,84203,126078,7522438,1060698,1383261,1122566,687082,51253,73313,1991104,0,6369277,,,
Shelburne,Town,2013-14,,2134562,33603,42406,13422,187641,367265,,0,2500,2781399,567596,773599,474591,395020,81418,107057,184711,0,2583992,,,
Springhill,Town,2013-14,,2567878,1829709,59876,694880,456965,854430,,0,0,6463738,1670627,2395524,1201897,557392,139308,41835,897354,0,6903937,,,
Stellarton,Town,2013-14,,5733846,145866,0,222586,87809,506636,,104635,0,6801378,802073,1906698,1378855,697748,54630,295369,668922,0,5804295,,,
Stewiacke,Town,2013-14,,1522074,5538,0,34419,118916,198973,,29395,0,1909315,471172,309677,399186,194114,26778,21085,193425,0,1615437,,,
Trenton,Town,2013-14,,2754589,3816,102299,250137,108275,415383,,4291,0,3638790,604587,769148,730193,327857,44986,172074,708096,0,3356941,,,
Truro,Town,2013-14,,18053701,656806,225974,676998,567619,1330550,,888513,0,22400161,3286546,7245658,3359297,2744348,232974,815197,2552015,0,20236035,,,
Westville,Town,2013-14,,2924921,5821,0,308646,206183,681807,,134900,0,4262278,796843,1483564,743347,452486,56804,89945,201272,0,3824261,,,
Windsor,Town,2013-14,,5495389,145524,48512,354431,251492,409959,,16036,50369,6771712,1065203,1597829,1064021,629931,113697,236599,792824,0,5500104,,,
Wolfville,Town,2013-14,,6594331,913200,1671,424656,170429,72246,,29000,7210,8212743,1102012,2125151,1249472,679648,41148,633588,659980,0,6490999,,,
Yarmouth,Town,2013-14,,10927772,1213452,758574,70279,1819908,655821,,27987,0,15473793,1103692,4607894,2065217,2245421,201047,1615036,916896,0,12755203,,,
Annapolis,Rural Municipality,2013-14,,9115062,296810,0,836819,628086,766057,,6856,11946,11661636,2617843,3026648,1147415,1798572,37778,329536,1225345,0,10183137,,,
Antigonish,Rural Municipality,2013-14,,7823339,384198,0,1287938,363749,143510,,0,0,10002734,2735071,2664559,278209,1945795,158529,295442,985642,0,9063247,,,
Argyle,Rural Municipality,2013-14,,4655884,180600,1200,0,333715,153306,,94905,0,5419610,1454320,1452041,434943,804519,166400,304275,489418,0,5105916,,,
Barrington,Rural Municipality,2013-14,,4230857,137184,191280,297544,390692,183162,,84647,0,5515366,1407686,1262234,244202,1108483,70564,258555,732406,0,5084130,,,
Chester,Rural Municipality,2013-14,,9431386,145813,0,2673758,773811,125294,,126792,77998,13354852,2657064,2563713,540926,3332507,22219,743895,919369,-7384,10772309,,,
Clare,Rural Municipality,2013-14,,4667808,146075,424974,0,539530,294893,,206310,0,6279590,1260426,1598150,109075,1523240,575375,400195,680819,0,6147280,,,
Colchester,Rural Municipality,2013-14,,23099215,877816,1141998,423287,8272805,944182,,575077,459310,35793690,4563436,8187727,1206441,9639794,260943,357730,1768319,0,25984390,,,
Cumberland,Rural Municipality,2013-14,,11922617,308726,0,0,560102,864267,,42835,0,13698547,2894639,4793581,407051,2413292,218422,507532,353023,0,11587540,,,
Digby,Rural Municipality,2013-14,,5439357,136762,62548,75476,319286,384899,,7397,5000,6430725,1284829,2079158,663251,958119,42637,236363,399513,0,5663870,,,
East Hants,Rural Municipality,2013-14,,18854865,178295,0,824547,1359387,185268,,188486,0,21590848,4848873,6387321,1117456,3673810,63769,1138400,1373404,0,18603033,,,
Guysborough,Rural Municipality,2013-14,,6414823,281183,22369,5034512,2987796,314361,,212921,0,15267965,2854562,2720072,410953,2397057,73721,546269,951275,0,9953909,,,
Inverness,Rural Municipality,2013-14,,8281961,358671,276455,198915,368030,549736,,66036,0,10099804,1996861,2635399,770035,2436136,166047,496567,604758,249420,9355223,,,
Kings,Rural Municipality,2013-14,,25684100,2929400,1236200,595500,928900,283100,,113700,78300,31849200,5111900,9903200,3194900,7187800,199900,1585800,1810000,0,28993500,,,
Lunenburg,Rural Municipality,2013-14,,16572642,191066,32717,89112,2547842,79946,,68023,0,19581348,4042066,3797721,1206590,3224004,34263,1198816,2352141,0,15855601,,,
Pictou,Rural Municipality,2013-14,,12508558,191661,31249,0,619708,466772,,0,0,13817948,3052349,5641935,588178,2417001,83107,201868,470956,0,12455394,,,
Richmond,Rural Municipality,2013-14,,8737432,141214,0,165000,612506,0,,54563,0,9710715,3166434,2473973,594709,1820211,9175,1038429,778743,0,9881674,,,
Shelburne,Rural Municipality,2013-14,,3913108,206486,0,21372,257104,60924,,0,0,4458994,1166095,1170876,242132,702194,12685,107329,282927,3400,3687638,,,
St. Mary's,Rural Municipality,2013-14,,1719123,287307,0,13395,175545,194127,,1380,0,2390877,816049,697860,123535,546566,12858,57553,242446,0,2496867,,,
Victoria,Rural Municipality,2013-14,,7121804,690393,16597,946070,207926,200310,,0,0,9183100,2944384,2436968,460939,2132619,53663,137695,364993,0,8531261,,,
West Hants,Rural Municipality,2013-14,,7395738,112827,429144,27182,234151,114251,,41217,17240,8371750,1658703,3866232,469052,1179469,40619,557380,569411,0,8340866,,,
Yarmouth,Rural Municipality,2013-14,,7070141,31742,328060,0,839105,307840,,0,0,8576888,1778195,2094219,1193057,988273,178266,343303,862993,0,7438306,,,
